,protein_group,protein,length,A count,C count,D count,E count,F count,G count,H count,I count,K count,L count,M count,N count,P count,Q count,R count,S count,T count,V count,W count,Y count,average basicity,average hydrophobicity,average helicity,average mutation stability,mass,pI,label
0,orf63_orf70_p09255_q77nn7,p09255,278,20,10,27,25,7,26,6,9,5,16,4,5,23,7,28,23,16,13,3,5,213.10000000000002,-1.0774100719424462,1.0098201438848922,18.53956834532374,30476.378094683674,4.46044921875,immediate-early
1,dbp_orf29_p09246_q4jqu6,p09246,1204,103,24,60,63,63,93,34,60,31,114,25,51,69,39,79,76,102,80,8,30,212.44908637873752,-0.3571760797342193,1.066810631229236,18.638704318936878,132056.6510246845,6.23779296875,late
2,orf50_p09298_q77np2,q77np2,435,41,5,12,17,15,26,11,20,10,54,14,13,15,11,28,31,35,43,8,26,212.35862068965517,0.24347126436781608,1.10183908045977,19.47586206896552,48640.30372468381,9.27294921875,immediate-early
3,orf62_orf71_p09310_q8azm1,p09310,1310,143,12,87,72,30,120,25,30,35,97,14,21,148,40,127,120,61,90,18,20,212.95603053435113,-1.1058320610687022,1.0241374045801526,18.36412213740458,139912.00150468506,7.75537109375,immediate-early
4,orf57_p09305_q77nn9,p09305,71,4,2,2,4,2,6,5,1,5,3,2,5,2,3,6,4,5,7,1,2,214.10140845070427,-1.1080281690140845,1.042394366197183,18.366197183098592,8075.007704683698,10.07275390625,early
5,orf4_p09269_q4jqx1,p09269,452,28,10,29,32,11,24,12,25,16,37,8,18,20,9,49,39,36,26,5,18,213.87566371681413,-0.612433628318584,1.0448672566371682,18.13938053097345,51510.9055046838,7.98779296875,immediate-early
