,protein_group,protein,length,M count_all_viruses,F count_all_viruses,S count_all_viruses,I count_all_viruses,N count_all_viruses,P count_all_viruses,D count_all_viruses,W count_all_viruses,T count_all_viruses,K count_all_viruses,Y count_all_viruses,L count_all_viruses,G count_all_viruses,E count_all_viruses,A count_all_viruses,C count_all_viruses,V count_all_viruses,H count_all_viruses,R count_all_viruses,Q count_all_viruses,average basicity,average hydrophobicity,average helicity,average mutation stability,mass,pI,label
0,q00683_rep_u94,q00683,490,9,28,28,61,30,26,31,14,27,36,12,41,30,12,25,9,21,15,19,16,212.6212244897959,-0.15475510204081636,1.0671224489795919,19.163265306122447,55812.176404683865,9.25927734375,latent
1,q69549_u14,q69549,609,19,25,62,42,41,29,47,2,35,33,23,59,14,34,35,5,33,13,38,20,213.0768472906404,-0.4706732348111659,1.0514121510673233,17.087027914614122,69516.07052468401,5.72509765625,early
2,p52354_u42,p52354,515,11,30,35,29,32,28,31,1,39,36,12,46,12,39,21,15,20,16,34,28,213.78815533980583,-0.6589126213592233,1.0284660194174757,18.10873786407767,59847.961764683845,7.11279296875,immediate-early
3,q69557_u22,q69557,202,6,14,16,13,12,5,6,6,9,7,8,15,6,9,14,10,23,3,15,5,212.85693069306927,0.40668316831683154,1.0824257425742574,20.198019801980198,23392.777564683696,8.48681640625,late
4,p0doe0_q69572_u100,p0doe0,214,8,11,19,10,12,16,10,5,15,7,15,24,6,9,6,5,11,5,10,10,212.84859813084108,-0.12149532710280375,1.0463084112149532,19.72429906542056,25104.333384683683,6.20361328125,late
